{"cameraMode":{"drawMode":0,"name":"Shaded","section":"Shading Mode"},"sceneLighting":false,"audioPlay":false,"sceneViewState":{"m_AlwaysRefresh":false,"showFog":true,"showSkybox":false,"showFlares":true,"showImageEffects":true,"showParticleSystems":true,"showVisualEffectGraphs":true,"m_FxEnabled":true},"in2DMode":false,"pivot":{"x":-0.33186212182044985,"y":-1.5742008686065674,"z":-2.566272735595703},"rotation":{"x":-0.48873916268348696,"y":-0.005488064605742693,"z":0.00306995608843863,"w":-0.8725007176399231},"size":4.73862361907959,"orthographic":false}