{"cameraMode":{"drawMode":0,"name":"Shaded","section":"Shading Mode"},"sceneLighting":false,"audioPlay":false,"sceneViewState":{"m_AlwaysRefresh":false,"showFog":true,"showSkybox":false,"showFlares":true,"showImageEffects":true,"showParticleSystems":true,"showVisualEffectGraphs":true,"m_FxEnabled":true},"in2DMode":false,"pivot":{"x":-0.0007500052452087402,"y":0.22750002145767213,"z":-3.570499897003174},"rotation":{"x":0.003115553641691804,"y":0.9842320084571838,"z":-0.1760612577199936,"w":0.017423968762159349},"size":0.5946696996688843,"orthographic":false}